<?xml version="1.0" encoding="UTF-8"?>
<beans:beans xmlns="http://www.springframework.org/schema/mvc"
	xmlns:xsi="http://www.w3.org/2001/XMLSchema-instance"
	xmlns:beans="http://www.springframework.org/schema/beans"
	xmlns:context="http://www.springframework.org/schema/context"
	xsi:schemaLocation="http://www.springframework.org/schema/mvc http://www.springframework.org/schema/mvc/spring-mvc.xsd
		http://www.springframework.org/schema/beans http://www.springframework.org/schema/beans/spring-beans.xsd
		http://www.springframework.org/schema/context http://www.springframework.org/schema/context/spring-context.xsd">

	<!-- DispatcherServlet Context: defines this servlet's request-processing infrastructure -->
	
	<!-- Enables the Spring MVC @Controller programming model -->
	<annotation-driven />

	<!-- Handles HTTP GET requests for /resources/** by efficiently serving up static resources in the ${webappRoot}/resources directory -->
	<resources mapping="/resources/**" location="/resources/" />

	<!-- Resolves views selected for rendering by @Controllers to .jsp resources in the /WEB-INF/views directory -->
	<beans:bean class="org.springframework.web.servlet.view.InternalResourceViewResolver">
		<beans:property name="prefix" value="/WEB-INF/views/" />
		<beans:property name="suffix" value=".jsp" />
	</beans:bean>
	
	<context:component-scan base-package="com.koreanair.cargo" />
	
<interceptors>
 <beans:bean id="localeChangeInterceptor" class="org.springframework.web.servlet.i18n.LocaleChangeInterceptor">
  <beans:property name="paramName" value="lang" />
 </beans:bean>
 
 <interceptor>
   <mapping path="/*.do" />
   <exclude-mapping path="/login.do" />
   <exclude-mapping path="/vocForm.do" />
   <exclude-mapping path="/vocInput.do" />
   <exclude-mapping path="/agt_header.do" />
   <beans:bean id="agtInterCeptor" class="com.koreanair.cargo.interceptor.AgtInterCeptor"></beans:bean>  
 </interceptor>
</interceptors>


<beans:bean id="localeResolver"
		class="org.springframework.web.servlet.i18n.CookieLocaleResolver">
		<beans:property name="cookieName" value="lang"/>
	</beans:bean>
	
	<beans:bean id="messageSource"
		class="org.springframework.context.support.ReloadableResourceBundleMessageSource">
		<beans:property name="basename" value="/WEB-INF/views/messages/messages" />
		<beans:property name="defaultEncoding" value="UTF-8" />
	</beans:bean>
	
	
	
	
	
	
	
	
	
	
	
	
	
	
	
</beans:beans>
