<?xml version="1.0" encoding="UTF-8"?>
<beans xmlns="http://www.springframework.org/schema/beans"
	xmlns:xsi="http://www.w3.org/2001/XMLSchema-instance"
	xmlns:context="http://www.springframework.org/schema/context"
	xmlns:mvc="http://www.springframework.org/schema/mvc"
	xsi:schemaLocation="http://www.springframework.org/schema/mvc http://www.springframework.org/schema/mvc/spring-mvc-4.1.xsd
		http://www.springframework.org/schema/beans http://www.springframework.org/schema/beans/spring-beans.xsd
		http://www.springframework.org/schema/context http://www.springframework.org/schema/context/spring-context-4.1.xsd">
	
	<!-- Root Context: defines shared resources visible to all other web components -->
	
	<context:annotation-config/>
	<context:component-scan base-package="com.koreanair.cargo" />
	
	<mvc:annotation-driven/>	
	
	
	<bean class="org.springframework.web.servlet.mvc.SimpleControllerHandlerAdapter" />
	<bean class="org.springframework.web.servlet.mvc.annotation.DefaultAnnotationHandlerMapping"></bean>
	<bean class="org.springframework.web.servlet.view.BeanNameViewResolver"></bean>
	
	<import resource="spring/datasource-context.xml"/>
	<import resource="spring/mapper-context.xml"/>
	<import resource="spring/transaction-context.xml"/>
	<import resource="spring/spring-beans-context.xml"/>
	<import resource="spring/dwr-context.xml"/>
		
</beans>