<?xml version="1.0" encoding="UTF-8"?>
<!DOCTYPE mapper PUBLIC "-//mybatis.org//DTD Mapper 3.0//EN" 
"http://mybatis.org/dtd/mybatis-3-mapper.dtd">

<mapper namespace="com.koreanair.cargo.persistence.ExportMapper">
	<select id="waitAwbList" parameterType="EawbReqDomain" resultType="com.koreanair.cargo.domain.AwbInfoDomain">
		SELECT AWB_NBR AS awbNbr
		    , AWB_ISSUE AS awbIssue
		    , AWB_STATUS AS awbStatus
		    , DESTINATION AS destination
		    , AGENT_CODE AS agentCode
		    , CNEE_CODE AS cneeCode
		    , CNEE_NAME AS cneeName
		    , CNEE_TEL AS cneeTel
		    , CNEE_FAX AS cneeFax
		    , SHPR_CODE AS shprCode
		    , SHPR_NAME AS shprName
		    , SHPR_FAX AS shprFax
		    , HAGT_CODE AS hagtCode
		    , HAGT_NAME AS hagtName
		    , HAGT_TEL AS hagtTel
		    , HAGT_FAX AS hagtFax
		    , T_PIECES AS tPieces
		    , T_WEIGHT AS tWeight
		    , DG_CODE AS dgCode
		    , WIDTH as wt
		    , LENGTH as leng
		    , HEIGHT as ht
		    , V_WEIGHT AS vWt
		    , ISSUE_ID AS issueId
		    , REMARKS as remarks 
		FROM (
		SELECT AWB.*, ULD.ULD_NBR
		FROM SI_AWB_CONTACT AWB, SI_AWB_FLT FLT, SI_AWB_ULD ULD
		WHERE AWB.AWB_NBR = FLT.AWB_NBR
		AND AWB.AWB_NBR = ULD.AWB_NBR(+)
		AND FLT.FLIGHT_DATE =#{flightDate} AND FLIGHT_NBR=#{flightNbr}
		) WHERE ULD_NBR IS NULL
	</select>
	
	<select id="exportMawbList" parameterType="ExportReqDomain" resultType="com.koreanair.cargo.domain.ExportDomain">
		SELECT
		a.FLT_D, a.CARR_C carr_c, a.FLT_# flt_no, a.MAWB_# mawb_no, a.PC_Q pc_q,  to_char(a.WT_M,'FM999999999990.09') wt_m
		FROM KAMS.CUS_MAWB A	, kams.cus_arrivalanddeparture b
		WHERE 1=1
		AND A.FLT_D = B.FLT_D
		AND A.CARR_C = B.CARR_C
		AND A.FLT_# = B.FLT_#
		AND A.MAWB_# = #{mawb_no}
		
	</select>
	
	<select id="exportMawbHawbList" parameterType="ExportReqDomain" resultType="com.koreanair.cargo.domain.ExportDomain">
		select
		a.flt_d, a.carr_c, a.flt_# flt_no, a.mawb_# mawb_no, a.pc_q,  to_char(a.wt_m,'FM999999999990.09') wt_m
		from kams.cus_hawb a	, kams.cus_arrivalanddeparture b
		where 1=1
		and a.flt_d = b.flt_d
		and a.carr_c = b.carr_c
		and a.flt_# = b.flt_#
		and a.hawb_# = #{hawb_no}
		
	</select>
	
	
	<select id="exportMawbInfo" parameterType="ExportReqDomain" resultType="com.koreanair.cargo.domain.ExportDomain">
		select
			b.mrn_n,
			b.flt_d ,
			b.carr_c,
			b.flt_# flt_no,
			b.transportmeansreferenceid,
			ecust.fc_cus_exp_mawb_result(a.mawb_#, a.flt_d, a.carr_c, a.flt_#) result_sts,
			kams.fc_get_5vn_5vl_msg(a.mawb_#, '', '', '', a.kcus_err_seq) err_msg,
			a.mawb_# mawb_no,
			a.awb_typ_c,
			a.cgo_load_c,
			a.cgo_typ_c,
			a.dep_c,
			a.arr_c,
			a.org_c,
			a.dst_c,
			a.pc_q,
			a.ttl_pc,
			to_char(a.wt_m,'FM999999999990.09') wt_m,
			a.wtu_c,
			a.ttl_wt,
			a.spcl_cmod_c1,
			a.spcl_cmod_c3,
			a.cmod_n,
			a.ucr_id,
			a.wh_loc_c,
			a.fwdr_c,
			a.fwdr_n,
			crypto_aes256.dec_aes(a.shpr_c) shpr_c,
			crypto_aes256.dec_aes(a.shpr_n) shpr_n,
			crypto_aes256.dec_aes(a.shpr_a) shpr_a,
			crypto_aes256.dec_aes(a.shpr_cou_c) shpr_cou_c,
			crypto_aes256.dec_aes(a.shpr_zip) shpr_zip,
			crypto_aes256.dec_aes(a.shpr_tel) shpr_tel,
			crypto_aes256.dec_aes(a.shpr_fax) shpr_fax,
			crypto_aes256.dec_aes(a.cnee_c) cnee_c,
			crypto_aes256.dec_aes(a.cnee_n) cnee_n,
			crypto_aes256.dec_aes(a.cnee_a) cnee_a,
			crypto_aes256.dec_aes(a.cnee_cou_c) cnee_cou_c,
			crypto_aes256.dec_aes(a.cnee_zip) cnee_zip,
			crypto_aes256.dec_aes(a.cnee_tel) cnee_tel,
			crypto_aes256.dec_aes(a.cnee_fax) cnee_fax,
			c.cd_agt
		from kams.cus_mawb a , kams.cus_arrivalanddeparture b, ecust.ab_awb_master c
		where mawb_# =  #{mawb_no}
		and a.flt_d =  #{flt_d}
		and a.carr_c =  #{carr_c}
		and a.flt_# =  #{flt_no}
		and a.flt_d = b.flt_d
		and a.carr_c = b.carr_c
		and a.flt_# = b.flt_#
		and a.mawb_# = c.no_awb
		
	</select>
	
	
	
	<select id="exportMawbEpnList" parameterType="ExportReqDomain" resultType="com.koreanair.cargo.domain.ExportEpnDomain">
		select
			a.flt_d,
			a.carr_c,
			a.flt_# flt_no,
			a.mawb_# mawb_no,
			a.hawb_# hawb_no,
			a.epn_# epn_no,
			a.cstm_cod_c, 
			a.pc_q,
			to_char(a.wt_m,'FM999999999990.09') wt_m,
			a.sametimepack_c,
			a.sametimepack_cnt_q,
			a.ptl_c,
			a.ptl_cnt_n1,
			a.inp_flag,
			decode(cur_sts_n,'','Y','R','Y','N') cur_sts_n
		from kams.cus_epn a	, kams.cus_arrivalanddeparture b
		where 1=1
		and a.flt_d = #{flt_d}
		and a.carr_c = #{carr_c}
		and a.flt_# = #{flt_no}
		and a.mawb_# = #{mawb_no}
		and a.flt_d = b.flt_d
		and a.carr_c = b.carr_c
		and a.flt_# = b.flt_#
		and nvl(kams_updt_yn,' ') not in ('D')
		
	</select>
	
	
	<select id="exportHawbList" parameterType="ExportReqDomain" resultType="com.koreanair.cargo.domain.ExportHawbListDomain">
		select 
			a.mawb_# mawb_no,
			a.hawb_# hawb_no,
			a.flt_d, 
			a.carr_c || a.flt_# flt_no,
			b.epn_# epn_no,
			a.pc_q,
			to_char(a.wt_m,'FM999999999990.09') wt_m,
			b.pc_q epn_pc,
			to_char(b.wt_m,'FM999999999990.09') epn_wt,
			a.wtu_c,
			sametimepack_c,
			sametimepack_cnt_q,
			ptl_c,
			ptl_cnt_n1,
			express_yn,
			crypto_aes256.dec_aes(a.shpr_n) shpr_n,
			crypto_aes256.dec_aes(a.shpr_addr_n) shpr_addr_n,
			crypto_aes256.dec_aes(a.shpr_tel_n) shpr_tel_n,
			crypto_aes256.dec_aes(a.cnee_n) cnee_n,
			crypto_aes256.dec_aes(a.cnee_addr_n) cnee_addr_n,
			crypto_aes256.dec_aes(a.cnee_tel_n) cnee_tel_n,
			a.org_c,
			a.dst_c,
			a.fwdr_n,
			a.cmod_n,
			kams.fc_get_5vn_5vl_msg(a.mawb_#, '', a.hawb_#, '', a.kcus_err_seq) err_msg,
			kams.fc_customs_info( a.flt_d, a.carr_c, a.flt_#, a.mawb_#, a.hawb_#,'gdr') result_sts
		from kams.cus_hawb a, kams.cus_epn b
		where 1=1
		and a.mawb_# = #{mawb_no}
		and a.mawb_# = b.mawb_#
		and a.hawb_# = b.hawb_#
		and a.flt_d = b.flt_d
		and a.carr_c = b.carr_c
		and a.flt_# = b.flt_#
		and a.flt_d = #{flt_d}
		and a.carr_c = #{carr_c}
		and a.flt_# = #{flt_no}
		and cnsl_typ_c = 'C'
		order by a.hawb_#, b.epn_#
		
		
	</select>
	
</mapper>
