<?xml version="1.0" encoding="UTF-8"?>
<!DOCTYPE mapper PUBLIC "-//mybatis.org//DTD Mapper 3.0//EN" 
"http://mybatis.org/dtd/mybatis-3-mapper.dtd">

<mapper namespace="com.koreanair.cargo.persistence.VocMapper">
	<select id="vocList" parameterType="VocReqDomain" resultType="com.koreanair.cargo.domain.VocCityDomain">
		SELECT apo_cd, city_cd, city_nm from ecust.com_city 
		WHERE rgn_cd =#{cdRgn} 
	</select>
	
	
	<insert id="vocInsert" parameterType="VocReqDomain">
		INSERT INTO test_city (cd_apo, cd_city, nm_city)
		VALUES(
		  UPPER(#{cdRgn}), 
		  #{cdMenu1}, 
		  #{cdMenu2} 
		)
	
	</insert>
	
	
	<insert id="vocInput" parameterType="VocReqDomain">
		
		INSERT INTO ecust.ecust_voc_thp_temp (
			pax_n,         		tel_no,       	email_a,
			rgst_typ_c,    		ltr_typ_c,    	catgry_c,
			rgst_rgn_c,    		lang_c,       	cgo_chk_y,
			txt_typ_c,     		titl_x,       	note_x,
			add_file_a1,   		add_file_a2,  	add_file_a3,
			a1_typ_c ,     		a1_seq_no ,   	a1_file_n,
			a1_file_sz ,   		a1_file_ext,  	a1_file_lob,
			a2_typ_c ,     		a2_seq_no ,   	a2_file_n,
			a2_file_sz ,   		a2_file_ext,  	a2_file_lob,
			a3_typ_c ,     		a3_seq_no ,   	a3_file_n,
			a3_file_sz ,   		a3_file_ext,  	a3_file_lob, 	reply_is,
			ENCODE_TWO_EMAIL_A, ENCODE_TWO_TEL_NO, IP_ADDR
			)VALUES(
			#{mailFromName},  '',     				'',
			'IC',        			#{mailGbn},     #{mailSeq},
			#{mailLocation}, 	#{lang},        'Y',
			'1',        			#{mailSubject}, TO_CLOB(#{mailContent}),
			#{file_orgn1},    #{file_orgn2},  #{file_orgn3},
			decode(#{file_orgn1 },'','','VOC'),decode(#{file_orgn1 },'','',1),	#{file_orgn1 },
			#{file_size1},    #{file_ext1},   #{uploadFileBytes1,jdbcType=BLOB},
			decode(#{file_orgn2 },'','','VOC'),decode(#{file_orgn2 },'','',2),	#{file_orgn2 },
			#{file_size2},    #{file_ext2},   #{uploadFileBytes2,jdbcType=BLOB},
			decode(#{file_orgn3 },'','','VOC'),decode(#{file_orgn3 },'','',3),	#{file_orgn3 },
			#{file_size3},    #{file_ext3},   #{uploadFileBytes3,jdbcType=BLOB}, #{reply_is},
			#{vocEmail},      #{vocTel}, 			#{ip_addr}
		)
		
	</insert>
	
	<select id="vocTypeList" parameterType="VocReqDomain" resultType="com.koreanair.cargo.domain.VocTypeDomain">
		select 
			voc_type_cd
			, voc_type_desc
			, voc_type_lang
		from ecust.agt_voc_type 
		WHERE voc_type_lang =#{lang}
		order by order_seq 
	</select>
	
	<select id="vocCateList" parameterType="VocReqDomain" resultType="com.koreanair.cargo.domain.VocCateDomain">
		select voc_cate_cd
		, voc_cate_desc
		, voc_cate_lang
		from ecust.agt_voc_category
		WHERE voc_cate_lang =#{lang} 
		order by order_seq
	</select>
	
	<select id="vocCateList2" parameterType="VocReqDomain" resultType="com.koreanair.cargo.domain.VocCateDomain2">
		select voc_cate_cd
		, voc_cate_desc
		, voc_cate_lang
		from ecust.agt_voc_category2
		WHERE voc_cate_lang =#{lang}
		order by order_seq 
	</select>
	
	<select id="vocLocationList" parameterType="VocReqDomain" resultType="com.koreanair.cargo.domain.VocLocationDomain">
		select voc_loc_cd
		, voc_loc_desc
		, voc_loc_lang
		from ecust.agt_voc_location
		WHERE voc_loc_lang =#{lang}
		order by order_seq 
	</select>
	
</mapper>
