<?xml version="1.0" encoding="UTF-8"?>
<!DOCTYPE mapper PUBLIC "-//mybatis.org//DTD Mapper 3.0//EN" 
"http://mybatis.org/dtd/mybatis-3-mapper.dtd">

<mapper namespace="com.koreanair.cargo.persistence.WsMenuMapper">
	<select id="wsMenuList" parameterType="WsMenuReqDomain" resultType="com.koreanair.cargo.domain.WsMenuDomain">
		select
		 ssoLoginId
		,empNo
		,empEngLnm
		,empEngFnm
		,empLocalLangLnm
		,orgCd
		,email
		,ofcPhone
		,empTypNm
		,icbSttsNm
		,defaultOfcId
		,office
		,ofcId
		,grpId
		,grpNm
		,menuId
		,menuNm
		,highMenuId
		,outputSeq
		,menuGrd
		,url
		,readPosbYn
		,wrtPosbYn
		,delPosbYn
		,prtPosbYn
		from ecust.com_ppo_menu
		where 1=1
		and menuGrd = #{menuGrd}
		and ssoLoginId = #{ssoLoginId}
		order by menuid
	</select>
	
	<insert id="wsMenuInsert" parameterType="WsMenuDomain">
		INSERT INTO ecust.com_ppo_menu (
		ssoLoginId
		,empNo
		,empEngLnm
		,empEngFnm
		,empLocalLangLnm
		,orgCd
		,email
		,ofcPhone
		,empTypNm
		,icbSttsNm
		,defaultOfcId
		,menuId
		,menuNm
		,highMenuId
		,outputSeq
		,menuGrd
		,url
		,readPosbYn
		,wrtPosbYn
		,delPosbYn
		,prtPosbYn
		)
		VALUES(
		 #{ssoLoginId}
		,#{empNo}
		,#{empEngLnm}
		,#{empEngFnm}
		,#{empLocalLangLnm}
		,#{orgCd}
		,#{email}
		,#{ofcPhone}
		,#{empTypNm}
		,#{icbSttsNm}
		,#{defaultOfcId}
		,#{menuId}
		,#{menuNm}
		,#{highMenuId}
		,#{outputSeq}
		,#{menuGrd}
		,#{url}
		,#{readPosbYn}
		,#{wrtPosbYn}
		,#{delPosbYn}
		,#{prtPosbYn}
		)
	
	</insert>
	
	
	<delete id="wsMenuDelete" parameterType="WsMenuDomain">
		DELETE ecust.com_ppo_menu 
		WHERE ssoLoginId = #{ssoLoginId}
	</delete>
	
	<update id="wsMenuProc" parameterType="WsMenuDomain" statementType="CALLABLE">

		{CALL ecust.sp_com_ppo_menu
		 (
		  	 #{ssoLoginId}
				,#{empNo}
				,#{empEngLnm}
				,#{empEngFnm}
				,#{empLocalLangLnm}
				,#{orgCd}
				,#{email}
				,#{ofcPhone}
				,#{empTypNm}
				,#{icbSttsNm}
				,#{defaultOfcId}
				,#{menuId}
				,#{menuNm}
				,#{highMenuId}
				,#{outputSeq}
				,#{menuGrd}
				,#{url}
				,#{readPosbYn}
				,#{wrtPosbYn}
				,#{delPosbYn}
				,#{prtPosbYn}
				,#{loopCnt}
		  )
		}
	</update>
	
	
	
	
	<select id="scAgent" parameterType="WsMenuReqDomain" resultType="com.koreanair.cargo.domain.WsMenuDomain">
		select agent_type ssoLoginId, agent_loc empNo from SC_AGENT
		where branch_code = 'KUV'
	</select>

	
	
</mapper>
