<?xml version="1.0" encoding="UTF-8" ?>
<!DOCTYPE configuration PUBLIC "-//mybatis.org//DTD Config 3.0//EN" "http://mybatis.org/dtd/mybatis-3-config.dtd">
<configuration>
	<settings>
		<setting name="cacheEnabled" value="false"/>
		<setting name="multipleResultSetsEnabled" value="true"/>
		<setting name="defaultExecutorType" value="REUSE"/>
		<setting name="defaultStatementTimeout" value="25000"/>
		<setting name="logImpl" value="LOG4J"/>
	</settings>
	
	<mappers>
    <mapper resource="D:/css-agt1/cargo-springmvc-webapp1/src/main/resources/extdbmap/UldMapper.xml"/>
  </mappers>
  
</configuration>