<?xml version="1.0" encoding="UTF-8"?>
<beans xmlns="http://www.springframework.org/schema/beans"
	xmlns:xsi="http://www.w3.org/2001/XMLSchema-instance"
	xmlns:jdbc="http://www.springframework.org/schema/jdbc"
	xmlns:jee="http://www.springframework.org/schema/jee"
	xmlns:util="http://www.springframework.org/schema/util"
	xsi:schemaLocation="http://www.springframework.org/schema/jdbc http://www.springframework.org/schema/jdbc/spring-jdbc-3.0.xsd
		http://www.springframework.org/schema/jee http://www.springframework.org/schema/jee/spring-jee-3.0.xsd
		http://www.springframework.org/schema/beans http://www.springframework.org/schema/beans/spring-beans-3.0.xsd
		http://www.springframework.org/schema/util http://www.springframework.org/schema/util/spring-util-4.1.xsd">
	<util:properties id="oracle" location="classpath:properties/oracle.properties"/>
	
	<bean id="dataSourceOrigin" class="org.apache.commons.dbcp.BasicDataSource">
		<property name="driverClassName" value="#{oracle['oracle.jdbc']}"></property>
		<property name="url" value="#{oracle['oracle.url']}"></property>
		<property name="username" value="#{oracle['oracle.username']}"></property>
		<property name="password" value="#{oracle['oracle.password']}"></property>
		<property name="maxActive" value="10"></property>
		<property name="maxWait" value="1000"></property>
		<property name="validationQuery" value="SELECT 1 FROM DUAL"></property>
		<property name="timeBetweenEvictionRunsMillis" value="3000"></property>
	</bean>
	
	<bean id="dataSource" class="net.sf.log4jdbc.Log4jdbcProxyDataSource">
		<constructor-arg ref="dataSourceOrigin"/>
		<property name="logFormatter">
			<bean class="net.sf.log4jdbc.tools.Log4JdbcCustomFormatter">
				<property name="sqlPrefix" value="SQL		:	"/>	
			</bean>
		</property>
	</bean>
	
	
	
	<bean id="dataSourceOrigin2" class="org.apache.commons.dbcp.BasicDataSource">
		<property name="driverClassName" value="#{oracle['ecustoracle.jdbc']}"></property>
		<property name="url" value="#{oracle['ecustoracle.url']}"></property>
		<property name="username" value="#{oracle['ecustoracle.username']}"></property>
		<property name="password" value="#{oracle['ecustoracle.password']}"></property>
		<property name="maxActive" value="10"></property>
		<property name="maxWait" value="1000"></property>
		<property name="validationQuery" value="SELECT 1 FROM DUAL"></property>
		<property name="timeBetweenEvictionRunsMillis" value="3000"></property>
	</bean>
	
	<bean id="dataSource2" class="net.sf.log4jdbc.Log4jdbcProxyDataSource">
		<constructor-arg ref="dataSourceOrigin2"/>
		<property name="logFormatter">
			<bean class="net.sf.log4jdbc.tools.Log4JdbcCustomFormatter">
				<property name="sqlPrefix" value="SQL		:	"/>	
			</bean>
		</property>
	</bean>
	
</beans>
