<?xml version="1.0" encoding="UTF-8"?>
<beans xmlns="http://www.springframework.org/schema/beans"
	xmlns:xsi="http://www.w3.org/2001/XMLSchema-instance"
	xmlns:context="http://www.springframework.org/schema/context"
	xmlns:mvc="http://www.springframework.org/schema/mvc"
	xmlns:dwr="http://www.directwebremoting.org/schema/spring-dwr"
	xsi:schemaLocation="http://www.directwebremoting.org/schema/spring-dwr http://www.directwebremoting.org/schema/spring-dwr-3.0.xsd
		http://www.springframework.org/schema/mvc http://www.springframework.org/schema/mvc/spring-mvc-4.1.xsd
		http://www.springframework.org/schema/beans http://www.springframework.org/schema/beans/spring-beans-3.0.xsd
		http://www.springframework.org/schema/context http://www.springframework.org/schema/context/spring-context-4.1.xsd">
		
	<dwr:controller id="dwrController" debug="false">
		<dwr:config-param name="activeReverseAjaxEnabled" value="true"/>
	</dwr:controller>
	<dwr:annotation-config id="dwrAnnotationConfig"/>
	<dwr:annotation-scan base-package="com.koreanair.cargo" scanDataTransferObject="true" scanRemoteProxy="true"/>
	<!-- Enables plain Contollers -->
	<bean class="org.springframework.web.servlet.mvc.SimpleControllerHandlerAdapter"/>
	<bean class="org.springframework.web.servlet.handler.SimpleUrlHandlerMapping">
		<property name="alwaysUseFullPath" value="true"/>
		<property name="mappings">
			<props>
				<prop key="/dwr/**/*">dwrController</prop>
			</props>
		</property>
	</bean>


</beans>
