<?xml version="1.0" encoding="UTF-8"?>
<beans xmlns="http://www.springframework.org/schema/beans"
        xmlns:xsi="http://www.w3.org/2001/XMLSchema-instance"
        xmlns:jdbc="http://www.springframework.org/schema/jdbc"
        xmlns:mybatis-spring="http://mybatis.org/schema/mybatis-spring"
        xmlns:aop="http://www.springframework.org/schema/aop"
        xmlns:context="http://www.springframework.org/schema/context"
        xmlns:jee="http://www.springframework.org/schema/jee"
        xsi:schemaLocation="http://mybatis.org/schema/mybatis-spring http://mybatis.org/schema/mybatis-spring-1.2.xsd
               http://www.springframework.org/schema/jee http://www.springframework.org/schema/jee/spring-jee-4.1.xsd
               http://www.springframework.org/schema/beans http://www.springframework.org/schema/beans/spring-beans.xsd
               http://www.springframework.org/schema/context http://www.springframework.org/schema/context/spring-context-4.1.xsd
               http://www.springframework.org/schema/aop http://www.springframework.org/schema/aop/spring-aop-4.1.xsd">


        <bean id="sqlSessionFactory" class="org.mybatis.spring.SqlSessionFactoryBean">
               <property name="dataSource" ref="dataSource" />
               <property name="configLocation" value="classpath:/mybatis/mybatis-config-base.xml"/>
               <property name="mapperLocations">
                       <list>
                              <value>classpath:mapper/**/*Mapper.xml</value>
                       </list>
               </property>
               <property name="typeAliasesPackage" value="com.koreanair.cargo.domain" />
        </bean>
        
        <bean id="sqlSessionTemplate" class="org.mybatis.spring.SqlSessionTemplate" destroy-method="clearCache">
               <constructor-arg index="0" ref="sqlSessionFactory"/>
        </bean>
        
        
        <bean id="sqlSessionFactory2" class="org.mybatis.spring.SqlSessionFactoryBean">
               <property name="dataSource" ref="dataSource2" />
               <property name="configLocation" value="classpath:/mybatis/mybatis-config-base.xml"/>
               <property name="mapperLocations">
                       <list>
                              <value>classpath:mapper/**/*Mapper.xml</value>
                       </list>
               </property>
               <property name="typeAliasesPackage" value="com.koreanair.cargo.domain" />
        </bean>
        
        <bean id="sqlSessionTemplate2" class="org.mybatis.spring.SqlSessionTemplate" destroy-method="clearCache">
               <constructor-arg index="0" ref="sqlSessionFactory2"/>
        </bean>
        
        <mybatis-spring:scan base-package="com.koreanair.cargo.persistence" factory-ref="sqlSessionFactory"/>
        <mybatis-spring:scan base-package="com.koreanair.cargo.persistence2" factory-ref="sqlSessionFactory2"/>
        
<!--   scan for mappers and let them be autowired -->
<!--   <bean class="org.mybatis.spring.mapper.MapperScannerConfigurer"> -->
<!--           <property name="basePackage" value="com.koreanair.gpstrack.persistence" /> -->
<!--           <property name="sqlSessionFactoryBeanName" value="sqlSessionFactory"></property> -->
                                              
<!--   </bean> -->
        
<!--   <bean class="org.mybatis.spring.mapper.MapperScannerConfigurer"> -->
<!--           <property name="basePackage" value="com.koreanair.gpstrack.persistence2" /> -->
<!--           <property name="sqlSessionFactoryBeanName" value="sqlSessionFactory2"></property>                              -->
<!--   </bean> -->

</beans>
